Brand,Processor_Speed,RAM_Size,Storage_Capacity,Screen_Size,Weight
Asus,3.799639041031901,8,1000,12.853006544044046,2.151677563878617
Acer,3.29800444568066,16,512,15.14407862688804,2.587266819216874
HP,2.43312947907335,4,512,15.04639791088389,2.2644564744099336
Acer,3.313144151037841,32,512,12.836308781136728,2.37612604770162
HP,3.162279311218045,16,512,14.701664164307012,2.943886726805596
Acer,1.924394762718852,32,256,12.870138971090247,3.9877037532163553
HP,3.0078802736659704,8,256,13.548629182550318,3.816443751577836
Acer,1.6454094887636894,4,512,14.109657058685878,3.759535343112346
Dell,1.8317893851076508,4,512,11.660379705206692,2.203919899458211
Dell,2.663014030709295,16,512,11.496404237742023,2.184275387779498
Asus,2.6332220868700693,32,1000,11.432666557576612,2.4233227820640533
Acer,3.785747016401248,4,512,12.962267864910906,3.4481404192308034
Lenovo,1.803462348556072,8,1000,16.0189909437082,3.1346735457300343
Asus,3.8940632112634495,16,512,11.592423241295997,3.3159425007381644
Dell,3.0446181005030346,4,1000,16.63336976024765,4.437172172558453
HP,2.5211330326767465,16,1000,12.24773815573634,2.8864037738802777
Lenovo,2.484661014135396,8,512,14.120444366666902,4.735455886058275
Lenovo,3.039657970455761,16,1000,13.487096388900753,4.314536185995463
Lenovo,2.7653546571006102,4,512,15.500170472853148,4.778924830763588
Dell,2.4504890469646425,32,1000,16.978389762074332,3.2066712045413373
Asus,3.922756575352029,4,1000,14.66801961329988,3.841938368820181
Dell,2.278269247890009,4,1000,12.696806784022998,2.51478910119557
Asus,3.462541359592642,16,256,13.519092186117906,4.488155450427124
Asus,2.5365603093175597,16,512,12.485060438842472,2.376696735911754
Dell,2.496657569430783,8,512,15.16001092240824,3.8856992019418497
Lenovo,3.2416270596922305,4,256,11.853022680223374,2.029060648222903
Dell,2.1442072212780343,32,1000,12.2033178670716,2.9571352229967194
HP,3.49356505401732,8,512,13.2468823998081,3.0793822806358984
Asus,3.91455540288305,16,256,16.395562153548138,4.460972264441603
Lenovo,2.071136853328247,32,1000,14.580658519770138,3.539525246846108
HP,3.561702414812873,8,1000,11.25702533071468,3.409746116100786
Acer,1.875422502042604,4,512,12.827614134645144,2.1875208245312323
Asus,3.966656483167866,4,512,13.228915661956606,4.061886687747553
Acer,1.9524423817737244,32,1000,12.318240742348404,3.3079855417117576
Dell,2.630544852224518,8,512,15.286464581759589,2.9959948827132954
Asus,2.367383004740569,32,256,11.710954152610404,2.8619801495267057
Dell,3.611373496337676,16,512,15.968700974038056,2.770230488929274
Acer,2.8698987224342325,32,1000,13.29351351186475,3.749383470358608
Asus,2.1160050830977672,8,1000,16.24233752109335,4.673600219190807
Acer,2.149384459400816,32,256,13.875560539487225,4.03517565650904
Acer,3.80624845294324,16,512,12.280360087854138,4.573865272745172
Asus,1.962832322096549,4,1000,14.541395954905356,3.1521279151733013
Asus,1.700287115961688,8,1000,12.028605060263256,3.063131548958406
Lenovo,2.9459672925160225,8,256,14.622781951574575,3.604900020228332
Dell,3.709464712408564,16,512,16.143853414165044,3.84928453211561
Lenovo,3.731679277692437,8,1000,13.239558886776551,2.27981434033451
HP,2.4939859949069856,32,256,16.14872236550662,4.333433733375353
Asus,2.5218354277452413,32,256,16.64763468945111,2.351840443401336
Dell,2.0776869914701788,32,512,16.873745042246625,4.304016305939629
Asus,2.543951939462321,8,512,15.521567784474517,3.110073572428448
Acer,1.5677399812587087,16,256,11.618728174448457,3.9137056236588847
Lenovo,3.0348339619001545,32,256,12.40996566520815,4.234475226589739
Dell,1.8410993813918328,16,1000,15.302723410833162,3.8739919228511503
Dell,1.9370965681510317,32,512,15.64143261038432,3.4344767706675325
Asus,1.6143550845312822,32,1000,11.801903488463108,2.042992717601004
Dell,1.8237873032070104,8,256,15.92359254605952,3.859905694622492
Lenovo,3.108944237991312,8,256,14.834192953489524,4.815994439880116
Lenovo,3.4519039651711,32,256,11.937702257298657,3.6931861410169686
Acer,3.959197313158534,16,256,16.81204763344614,2.579480025225298
HP,1.8813476072856532,16,256,11.94395768001097,4.84026810552111
Acer,2.2682249123157163,32,1000,15.496556035884852,2.168486029709939
HP,3.4938977515929706,4,1000,11.79586746560572,4.889477081195199
HP,2.492958824046137,32,512,11.863651481433385,3.570801641457835
Asus,3.420683534661296,32,256,15.394483188876013,2.407064953376838
Acer,3.200351929400751,16,1000,16.053953028499606,3.182408140347885
HP,3.9803950370582815,8,256,13.150007940030044,4.102806095053998
Lenovo,3.3108470428218526,32,1000,16.64132483342771,2.0951674754480933
HP,3.4496134878778597,16,1000,13.598978667890998,4.256386098630713
Dell,3.8795294635580975,16,256,16.339302358840918,3.2845518196015187
Acer,1.767451597067396,16,256,15.64581609766757,4.716616513786703
Dell,1.7196662478620834,16,1000,14.024022581577956,4.431404651646398
Dell,2.8801179521299507,8,1000,11.702396248545012,3.1343023093623525
Lenovo,1.5645297673737175,4,256,16.641099147512495,4.237152998614362
Dell,2.082398686884084,4,512,11.079506201023465,3.9557025966873818
Lenovo,1.6508802099764095,16,256,16.002751705512964,2.5964421828122086
Acer,3.341110589061807,32,512,13.611945328731418,4.093148922659879
Lenovo,2.1803628430749065,8,512,14.210153027593597,2.4446523862979737
Asus,3.2669430422136143,32,1000,15.291118728681449,2.398784128123948
Dell,3.1473098547753784,8,1000,16.86262539830944,3.5212472721808004
Lenovo,2.866743531785175,4,512,11.68878156350768,4.248137050172468
Dell,2.1453335817528187,16,256,12.628195781234064,3.814518288087744
HP,1.7602741234604158,8,256,15.378271438984534,4.014763228816777
Acer,3.2407219396953493,8,1000,12.911653776581645,2.922589386471369
Lenovo,3.0335284730267693,4,1000,14.45245632371689,3.739193498402576
Asus,3.6229891289132974,8,256,11.068954839788692,2.2431158313951705
HP,1.545581456690904,4,512,16.53420490802062,2.9783235575377205
Acer,3.381791598894103,16,512,14.791932082377134,4.4050528795739154
HP,3.0655508040785384,32,512,13.794954519338749,4.784155250686545
HP,3.92764561291342,16,1000,12.529293493489297,4.2155176355315565
Asus,1.5479806920576418,8,1000,12.291226878399156,2.720658299625157
HP,3.4232622341033494,16,512,12.49701847809645,2.334463063516346
Acer,1.820985723635313,16,512,13.640348279056392,4.3195505037762745
Dell,1.7614196008360006,16,512,11.418803927687774,4.027283878685672
HP,2.1724835110877443,8,512,12.853735940408916,3.6495925350931935
Asus,3.67960881936308,8,1000,11.29194598197028,4.986913500784425
Dell,1.5290513497702516,8,256,16.630482463148866,2.508512275598176
Dell,3.0597395907290963,8,1000,13.38936676374807,2.261213616731925
Acer,2.5493182923153057,32,512,15.945961351275615,2.34062192697886
Lenovo,3.01678761595714,4,256,15.588314848857674,2.9411195361561955
Dell,3.162591686365639,32,256,14.923964554038808,4.519461056610465
HP,3.2005706060782284,32,512,15.800440592461207,2.18278616516216
Dell,3.660895624599093,16,1000,15.876281719358373,4.95209454283739
HP,1.8562388572537831,8,256,14.711162352309112,4.884847421138497
HP,3.136278035702838,4,1000,11.903648619309644,2.077428178589545
Lenovo,2.041849500226939,8,256,16.42859805008071,2.726523951042412
Dell,2.703360379088309,32,512,16.409498031722407,4.144087025707202
Asus,3.3085502842214622,16,1000,12.09033975936894,3.7783128226105545
HP,3.635962733423948,4,256,11.123124888375951,3.7821483967004337
Acer,2.265634051966529,4,256,15.685783181866611,3.081182120162333
Acer,3.0789005502313014,4,1000,14.179287566531157,3.834939258169977
Asus,2.09012615836616,8,512,15.683336161323282,3.6722148929425615
HP,1.9552947892217485,32,1000,11.399165649265132,2.129945819762936
Acer,2.787043384824225,16,512,16.852239662878524,4.169214908149007
Lenovo,2.3531195690653908,32,512,16.570301033817845,4.801597828538746
Dell,3.4025599773574973,32,512,11.034311488164736,2.1409189732944194
Acer,3.041625786301845,4,512,16.76695649426099,2.5096177832134288
Lenovo,3.8606662227835846,16,1000,15.45518499704253,3.999851254638117
Dell,3.6264543227356048,4,1000,11.271915673765369,2.5855914937156474
Lenovo,2.7146793979658144,4,512,16.564131083517783,4.986422457040443
Lenovo,2.1241700221479647,8,1000,13.452663567374792,4.4891685989648735
Asus,1.890381493415476,8,512,11.068883958496269,3.0554150192310576
HP,2.016053179401508,16,256,13.630309880184567,3.193652526671069
Dell,3.448961183916883,32,1000,15.63792032783352,3.356259790434098
Asus,3.966575307397117,4,1000,13.49687220584364,2.1633981421005126
Acer,3.6569926938580712,32,1000,11.360578462269022,2.9231084401695315
Asus,1.629928209128681,8,1000,12.22499935500946,4.306760133713505
Lenovo,2.70146644331662,4,512,12.389290615790292,3.5709902481638323
Lenovo,3.25616242636026,16,256,13.658356173982526,3.892152333475788
Acer,2.834006366817196,32,256,12.293004553205307,4.7665757841538525
Acer,2.1447192135830058,32,512,12.322902160839824,2.550357203450688
Asus,3.658334123929563,32,256,11.74040489123358,3.431600238253884
Lenovo,3.395596189260228,4,1000,15.287847649452344,4.191477432446899
HP,2.1087057414407484,4,512,14.41078939104764,4.085562398630197
Asus,3.912796741090114,32,512,14.083104407459588,2.5473741219574704
Asus,3.830295706209031,16,512,11.185147425848434,2.6410944247109853
Lenovo,2.0595440370565576,16,1000,13.790331489803863,3.57577525634475
Acer,1.5641051645160893,16,1000,16.11789197198355,4.797466770769406
HP,3.31792267441577,32,512,14.6182373303197,2.7277347982214755
Dell,1.79091599471369,32,512,11.8375932041588,3.964176045495329
HP,3.14676943875219,32,512,16.4940333935699,2.9916830069188727
Dell,1.5990470633708929,32,512,14.473041008213556,3.883236244692009
Asus,3.3956579898225563,32,512,14.199508395674616,2.8500922066733545
HP,2.9160116007422427,16,1000,13.29970543785321,2.245001827580289
Asus,2.718577995623784,8,1000,14.751228617182656,3.956706059397322
Acer,1.6683765036719294,32,512,15.34606643797724,2.742199241175037
HP,1.7059526140396066,8,512,15.641975389373997,3.4233046808622047
HP,3.9691239093401447,32,256,13.085042494551086,3.72155179392508
Asus,2.8738238397375424,4,1000,13.629060299998132,4.772218966537049
Lenovo,3.131865269629687,16,1000,11.444253307474089,3.93458366844494
Dell,3.716510538101167,8,512,11.048354620052718,3.631919333854903
Lenovo,1.6285645337106258,32,256,15.624455185433307,2.382108420343643
Lenovo,2.240770301139975,8,512,12.001586424905009,4.824730558201802
Acer,2.756415191158606,8,256,11.264242276330789,4.303909934185494
Asus,2.899100828270545,8,512,15.709170937753282,3.969157578154302
Dell,1.917584865230188,32,512,11.132848852835776,3.0368749807292046
Acer,2.854085536652168,32,512,14.251940449338596,2.34032245131175
Acer,2.0512155226754385,32,1000,15.588805834755664,4.823144780115131
Lenovo,3.877158905626026,32,1000,13.78394078878655,3.561348212495858
Lenovo,3.6553190431636255,32,256,11.080206099556374,2.1258922203309027
Asus,2.185138051718015,4,512,15.843135912747128,4.172763582497399
HP,2.183148817495524,8,256,12.303385318718064,3.659871918869
Asus,2.613263137506664,8,512,12.81487417500756,2.5319796596718183
Lenovo,3.587325591998248,8,1000,14.703494125092355,3.234123714237768
Lenovo,1.828112194205969,16,256,14.426973791734166,2.2734219183340327
Lenovo,1.706996669812816,16,1000,13.129164984476889,4.98324580267662
Asus,2.843489007344808,8,512,13.577575661456388,2.5797482457025045
HP,2.629419196843073,4,1000,13.692672823967689,4.628577434808668
HP,3.547755794185499,8,256,14.827725576108431,2.0409020717174644
Dell,1.756274319976698,8,1000,13.317271956902184,2.204327074170568
Asus,3.455070219175965,32,256,14.141518911328715,3.320213225199496
Asus,2.3891817911623727,8,512,13.233202350951316,3.7435862711628696
Asus,2.6979546940743275,8,512,12.670824373565312,4.943724792366386
Dell,1.5459766913686668,4,1000,15.456949849437898,4.526046984520232
Asus,2.690126005497749,4,256,13.961005952926447,4.772861212383983
Lenovo,2.940720900417033,32,256,11.713246347062432,4.344846437589197
Lenovo,1.7671923077368596,8,256,14.717695561669531,3.590187365155197
Acer,2.701267368144572,4,512,14.416906905033525,3.942373822236638
HP,3.8652886553340817,32,1000,15.71161286909609,4.969269240228003
Asus,3.1020657867255155,4,256,12.66859709039814,4.066431510769961
Dell,2.8500297865112767,4,256,11.271495134113326,4.862126795234257
Acer,1.6923830040730228,32,512,12.3907015417361,4.302496491772116
Asus,2.8854450062894834,4,256,16.167917754890546,3.477797015665442
Asus,2.570499037314037,16,512,15.544786672704303,4.217274265978859
Dell,1.5925190867887316,32,1000,15.718146398368887,4.984052495589461
HP,1.9514383628183336,8,256,15.958928541174576,3.4293838137181987
Acer,2.097950260539814,32,256,12.574057800685674,3.4139248237223634
Asus,1.9187064556476745,4,256,16.845485924868537,3.378933792157212
Asus,3.083695549565368,16,512,16.63790906776105,4.990727655768066
HP,3.0916742054180184,4,512,11.460844646415689,2.1232045183712165
HP,2.966521157938685,4,512,16.479396082528737,4.168353801864564
Asus,3.427280509364554,16,512,13.00164073417426,3.3820094895004678
Dell,2.4059847477915826,32,256,15.898464709790185,2.648751584559587
Asus,2.0681740681578784,16,512,15.577360013326183,2.5836050995054523
Lenovo,2.5535613764812446,16,256,15.222753865943046,2.8634938965548176
Asus,3.1418416613532303,16,256,11.591497562134474,3.1623538877676163
Asus,2.0247639827389645,4,1000,16.60996659103259,4.928098095800611
Acer,1.5614672911470038,8,512,14.820570302265963,4.511711654665454
Lenovo,3.920483569786804,16,512,16.803581525158194,4.270274270740785
HP,3.71051615837102,4,512,12.668774932919677,4.239088652939724
Dell,3.2005694480208837,4,512,12.666314524105063,3.39261184685638
Dell,3.5071336214950284,16,256,14.006527281573184,2.9526637396085054
Lenovo,2.638050372704503,16,256,11.032076965126189,3.47122555755654
Asus,3.1258142158673423,4,1000,15.100722664445051,2.95191643226146
HP,3.4742462678561976,8,256,12.38476792355919,4.0980183987579295
Asus,2.82792382000258,16,1000,14.136560849371218,4.795093921043506
Dell,2.0938603271858187,32,512,13.854126908065751,2.6531375389344545
HP,2.2581878689189887,32,512,11.301286590142732,3.5518804464567597
Acer,3.20814690914899,32,1000,16.89024405512685,3.675056945192341
Asus,3.992185629614868,32,512,12.121486643650767,4.482069664478437
Asus,2.853240838252676,8,512,11.254053672634305,4.982244963936727
HP,2.8689809403843407,32,256,13.729234656817209,4.192638869966623
Lenovo,1.6444514024909167,4,1000,11.574374328466384,4.277932565450616
Dell,3.104928751108165,4,512,12.063155006067149,4.133002885849434
Asus,3.684192785465847,8,256,13.071379722019834,4.931095029635528
Dell,2.310834382788439,8,256,11.635119415267454,2.2059459984436165
Acer,2.950430923068331,8,512,15.522404422568028,4.1169061891069445
HP,3.494534122146586,4,1000,15.71487587281024,2.8683226849046246
HP,1.741691124116799,32,512,12.357651504899598,4.51999328181303
Acer,2.6307957112957503,8,1000,16.46127820920654,3.767060272942735
Dell,3.611958070292219,16,512,15.045553052038994,4.186358666769728
Dell,3.674740905155321,16,256,11.746296987447948,3.539549251270336
Asus,3.295307690566236,8,512,16.48979519046781,3.836025589878366
Acer,2.74722038362839,4,512,14.79843592099708,4.190730003073604
Asus,3.3327825560382025,16,512,16.911822993723714,2.887242687785062
Lenovo,2.5233350157876075,16,256,12.206390912299671,3.5746999601775147
Lenovo,3.3587706407290194,32,256,13.10121794654438,3.853794679538894
Acer,2.054930404832373,4,512,14.286708166299915,4.9555236652720245
Asus,2.680167362774998,16,256,13.13512855555527,2.333411441996037
Asus,1.849128136890782,16,1000,16.82141206648926,3.908205261056677
Dell,2.3865553941019413,32,512,12.271365982640654,4.311341663221969
Acer,1.7235275057806487,16,512,13.471188442504976,2.921716885543161
Asus,1.896512763232684,8,512,11.572229613638353,3.408555996036901
HP,3.270907441787587,4,256,16.57573041357236,2.969299104999012
Acer,1.7932704724059862,32,1000,13.436070810236664,4.297914724565537
Lenovo,3.969305974340079,8,256,15.496342716806954,4.9255399279265255
Acer,2.6270984285103305,8,512,13.895002521412165,2.018772413079411
Dell,2.7409156180030907,4,512,13.564973902140554,2.378813411323196
Asus,1.9018997401207705,4,256,15.064840488940838,3.025541856494276
Acer,2.5074504469129035,32,512,13.524567210595556,2.629692888758692
Lenovo,1.7797990484943198,8,256,15.590961972900596,2.1208668372036263
Asus,1.584864946464497,32,512,11.047786428472708,4.578669190753811
Lenovo,1.949207772175605,8,256,11.933428621215814,2.54351555255006
Asus,3.3433926934694997,4,256,13.585903411524932,2.261327868384302
Acer,3.208120070724114,4,256,15.713858621174763,4.709744315285391
Acer,2.656557391848291,8,256,12.297362054766678,3.246542189186198
Dell,2.398083423499414,32,256,12.020692503855688,4.3180129643845
Lenovo,3.6697957363000553,32,1000,14.06089028273794,4.178333778033911
Lenovo,3.331430243025625,16,256,13.38468894139455,3.3270995993072563
Dell,3.12808244260373,8,256,14.131718020871382,2.2925230773916256
Asus,3.455963710145684,16,256,12.592220669611851,2.19105430250755
Acer,2.4777038416294017,16,512,11.45887973299588,2.0438269913266485
Asus,3.543624271227979,32,1000,14.458834625346524,3.2336122016355624
Dell,3.270430221613204,32,256,16.211837838940554,2.0437014642538367
Dell,3.345084041065926,16,512,16.467009711080475,4.354309045474964
Asus,3.714944370590468,32,256,13.771060887650664,2.8335354896196963
Dell,2.636849639084648,4,256,15.417438860803,3.1008842210216017
HP,3.939025502149787,32,1000,12.498632974679118,4.098789599070585
Dell,1.62053009715139,32,1000,14.601688763168225,4.008070952722245
Lenovo,3.952965445068559,32,1000,13.08177595840735,2.0723305802260006
Acer,2.1840666657041647,32,512,14.928254452137796,2.732484826148459
Acer,2.4332732906993826,16,512,14.60661617374597,2.090063996447216
Lenovo,2.4492310204181678,16,512,14.501341803948913,4.668729854991477
Acer,2.342507941078216,32,1000,12.045460409872277,4.657741986492274
HP,2.719635109815906,4,1000,13.643441168073844,2.011511436523403
Dell,3.219714305752033,8,1000,12.112236674495067,4.806134483921352
Dell,2.019715637865068,8,1000,13.748133270009554,4.374390622668557
Dell,2.975737356287019,4,256,14.154537317354809,4.831784850429374
HP,3.487023871874824,32,512,13.76913756553164,4.650694185110571
Asus,1.8988617002829709,16,256,11.471346985542365,2.6738073202246544
Lenovo,1.812964480506376,32,1000,11.082191302453488,3.241036036955781
Asus,3.426018544519483,16,256,15.955506243896185,2.037023138181122
Lenovo,1.748603481898363,32,512,14.10073963476895,3.2888685916905325
HP,2.7735553203744745,4,1000,12.714197564268588,2.2168308427195296
Lenovo,1.946361655135834,32,256,14.118225577366903,3.502132777510014
Dell,1.7026155397691198,4,256,16.08756730258009,2.516258097357879
Lenovo,3.148384805514457,16,1000,11.957749408593005,3.0176608951753514
Acer,3.237588072146383,16,512,12.906168185282972,4.137996856959633
Lenovo,3.038048595577527,32,256,11.258314416294011,4.175861253063665
Lenovo,1.9190480407207944,4,512,13.1828578468456,2.959229586223085
HP,2.634473853459098,32,512,13.87097669753577,2.998342606882386
Dell,3.514175382375133,8,256,12.195475726449883,2.6283673085285333
Dell,3.305667329639148,4,256,14.784202826952711,2.3875233357293317
Lenovo,3.813921282266941,32,512,12.871904121958512,3.6986450472578496
Acer,2.364707642382392,16,256,14.347564670904204,2.493885284776006
Acer,2.745489291132848,16,256,14.69788695339738,4.23421018348763
HP,3.080660719798826,32,512,11.425349455347712,2.8891760206258503
Asus,2.951470875695109,32,256,14.009092768878403,2.625765103223152
HP,2.8771434265228484,16,512,11.093049983759553,2.349433549020011
Lenovo,2.4732390351049416,16,512,14.58257462112032,4.512592502228167
Dell,3.223662422843164,32,1000,14.78986109049735,4.871590890557704
Dell,3.6701417252686257,4,256,12.654544426647687,3.204492831694629
Acer,2.7994348713900443,32,1000,11.018845436288732,4.423153459944439
Acer,3.5479721485669757,32,512,15.766884907121035,3.982395589072731
Asus,2.2328693256525334,4,512,16.553133247111283,3.476696945547225
Dell,2.580837002606505,4,256,13.491445834004242,2.6055255060912743
Acer,1.5779578376532115,8,1000,12.520143020357969,4.053878582794899
Acer,3.671557919889027,8,512,16.41856236725923,2.498224557000541
HP,1.909059552979173,32,512,15.929887597770628,4.857245917989931
Lenovo,2.0212762858933395,32,512,14.394129032846037,3.341603096649314
Lenovo,1.933811287466272,16,256,14.610092984109777,2.782755738950504
Acer,3.5196148548531463,8,256,14.65964935157631,4.830722432105532
Dell,2.037350946476892,32,512,14.081666279265947,2.1274097277696
Acer,2.955426150440683,4,256,15.474520274456756,4.598877307946544
Lenovo,2.040095456273999,4,256,12.301737475183277,3.6558090831814
HP,3.2939944141454407,16,512,12.770434095585856,4.059541829129758
Asus,3.898941610802584,16,512,15.92256092155412,2.344719030085731
Lenovo,3.544585540437554,4,1000,11.038611268980777,4.4097347139944185
Asus,2.853166446690276,16,512,14.249878509300558,2.590663615327051
Acer,1.5303019366097332,8,1000,12.946074846170337,2.904389178376402
Asus,2.8755663553906543,16,1000,13.73371493862351,4.020639734394173
Acer,3.4969580894341634,4,512,13.57765155279418,4.797633768057352
HP,3.936982905366958,16,1000,16.857121849928504,3.3216174796189843
HP,2.739689337696927,16,512,15.458489237788282,2.44508101186855
HP,3.5972452161148354,32,256,16.439433264032978,3.698214939344495
Dell,3.721870199672443,32,256,13.427411938424104,4.094595292029499
Acer,2.070199429872331,32,1000,11.853531438660893,2.9347152187466867
Lenovo,3.7887207439701047,4,256,15.835067195706998,3.46710732592286
Dell,2.1556601107495625,8,1000,16.92595755404751,4.708116531336069
HP,3.6021789485648066,4,256,15.345395285671696,4.3889019902453965
Asus,1.6369040970550783,32,1000,11.585085953845384,2.490009944267172
Asus,3.243678654173209,4,1000,15.98820623733182,2.97705440619186
Acer,1.766482575769977,16,256,14.533598449673384,4.559987649676364
HP,2.263810776645059,8,1000,16.375305087155958,3.817778586242742
Dell,3.628017285121922,4,512,14.080209261349491,3.114639533959623
Dell,2.185538005871675,8,256,15.702634334103497,4.467017334370542
HP,2.4275969074615067,16,512,11.7676215470707,2.3857894578816574
Dell,2.625927340645463,4,256,16.374187779196234,3.0179685069671334
Dell,2.615014432394889,8,256,12.206592364656004,4.4367743629710255
Acer,1.512349952336024,4,1000,16.419788086254265,4.8956289156372055
Lenovo,2.107930477498635,8,1000,15.440968212568778,2.8368142282204305
Dell,2.716672353561757,32,256,14.311262818527114,2.760838312579125
Asus,2.501907652188315,32,256,16.892297222095777,2.135883930839232
Asus,2.630497570708588,16,256,15.122234903494885,3.157818532810782
Dell,3.4658625360388804,4,256,15.073870958228252,4.028315077443056
Acer,2.849892825701399,16,256,13.541287495951378,4.282657933014529
Asus,3.735248009197836,4,1000,14.085206240056037,3.353579574352171
Dell,2.993532755425771,16,1000,15.205205815168592,3.088260801197456
HP,2.1768616828588847,32,1000,16.94217069199023,3.333584759150479
Acer,2.212182254904807,32,256,12.908297435305512,2.6645518163393174
Lenovo,3.42730461161013,32,512,15.80808795124285,4.07217894533979
Dell,3.3204718905090083,32,512,16.158943012347656,4.682795354769242
Dell,1.7761852828284868,32,256,11.710490235055593,4.101295397469512
Dell,2.075022093219258,4,256,13.241121061398124,4.341043588220476
Lenovo,1.5244271185479592,4,1000,16.16627179701987,3.8368272970816175
Lenovo,2.523529130478101,16,256,12.044490051868577,2.004038812869691
Lenovo,2.535324381322318,16,1000,15.608769070285293,2.736651877833473
Dell,2.348625481357015,4,1000,15.112372060676034,2.3827105237141124
Acer,1.650355856501963,8,512,12.523626631542175,2.6717737633897687
Dell,1.8271841517958745,16,512,14.703312835267404,2.880604377375981
Acer,3.7363805672352286,32,256,13.241328806286091,2.753240310995503
HP,3.0603722696228357,4,1000,11.012111106489405,2.0162147710180096
Acer,2.229156446773258,16,512,14.82993343875096,2.337093445846957
Dell,2.6217340565563267,32,256,15.248731009403752,4.878416548866236
HP,3.745135723601784,4,512,13.58324125704314,3.0344528232385093
HP,2.618006351262089,4,1000,11.949823400633688,4.6352475891348845
Lenovo,3.048969887244574,32,256,12.728032075544249,2.7255145862460592
Acer,3.5449175602976557,32,256,15.551011285498344,4.621624866563055
Acer,2.5533925056926754,32,1000,11.728972346526591,2.2239152932382864
HP,1.9450899171743783,8,256,16.104081563629077,4.201716131005608
Acer,3.696574965887895,8,256,15.239805580805578,4.747364718362381
Lenovo,3.236741177136067,4,256,13.996590619201012,3.6630700436491073
Lenovo,1.711980040114508,4,256,16.56149807798665,3.4408827763740675
Acer,3.390408322238115,16,512,15.70100048507154,4.126697338319948
Dell,3.290376685557984,16,512,12.755098552857511,3.387780641315459
Dell,3.068763658045925,4,256,14.248217660943611,2.461758529348715
Lenovo,1.963813789257803,16,512,15.959912344763843,4.041674485337304
Acer,3.346123023128317,32,1000,12.197031889577651,2.015418882756681
Lenovo,1.644606691408491,16,256,15.658935815906109,2.000559584511989
Asus,2.737866317534936,32,256,16.9353065237465,3.843200022293972
Dell,1.7452064519606114,8,256,15.68113561089797,2.942131420755297
Asus,1.5274895716462011,8,1000,16.977573719149262,4.417936702602751
Dell,3.671169939744782,32,512,15.633806090992056,3.9834220352860896
HP,2.9861908379654327,4,512,13.774347061475243,2.697909915160325
Asus,1.7133741701966096,4,1000,11.976890298061182,2.513884873465011
Asus,3.668235502399506,8,512,13.09966963717784,4.035473505951744
Asus,1.7526145275266167,8,1000,13.787679012853824,3.2393221931814327
Asus,1.7943777072253528,8,1000,16.340342152791514,4.332366401547157
HP,2.481233891016712,32,256,13.414009731423995,3.852587345186935
HP,3.678842015380941,4,512,13.663155130527809,3.4350064450116675
HP,2.768087021720981,16,256,15.798307481712316,2.454113513789825
HP,1.7287170934943872,4,1000,12.713052680711067,2.4876139624061238
Asus,2.79709514281518,16,256,15.785284163223196,2.5833429332950657
Acer,2.797649477270676,16,512,14.793428905207165,2.801225022368997
Lenovo,3.2378613851189844,4,1000,16.13679499408246,2.243492673391144
Dell,1.6735596068652334,8,1000,15.403298784815249,4.588767180532967
Asus,2.309025547873853,8,512,12.350251257025231,3.1214243266010078
Lenovo,3.990834790141855,16,256,14.00945419950769,2.3915136789123195
Acer,1.598358851671274,16,256,14.936330131854223,4.411265708035288
Dell,2.7459194318486992,32,256,15.06291447474604,3.453173556802548
HP,3.842074348311895,4,512,15.720617020142765,2.3833239583699712
Lenovo,3.476807912097409,8,1000,15.766913801890944,3.570690738589567
HP,1.9382573558941487,8,256,11.453966623424666,4.93248877462668
Dell,3.1446132615075904,16,1000,15.510057032137516,2.984480217060823
Lenovo,3.8785083555166415,4,512,13.081315858186311,2.1381891910459325
Dell,1.7191068669095964,32,1000,16.38646139905835,2.043143707952459
Lenovo,3.001292151084133,32,1000,12.224147994431473,3.64008898488902
Acer,3.697795768905412,16,512,12.222002826636109,3.651415331308821
Acer,3.0428624665100754,4,256,13.374247781442756,2.625198720854995
Lenovo,1.8289192128181493,8,256,11.996130941857164,2.7672311046449014
Acer,2.8129084591676503,4,512,12.153859376201764,3.353799842219343
Acer,3.802104706543431,32,256,15.693027578547476,2.3958959588718853
Asus,3.499638139868288,8,1000,11.302933666474448,3.951275746471593
HP,2.1640001064717653,4,256,14.063370772456029,2.1142589017979576
Lenovo,2.8223428350680297,32,1000,13.308821703326618,2.1442769312361065
HP,2.926524366597074,4,512,13.02488195404939,3.799903574783198
Lenovo,2.6359433363999023,16,512,14.716060724821467,3.736895960887413
HP,3.2210059910693403,32,512,15.724240070030634,2.8647547315021056
Acer,2.17015910205719,32,1000,12.497146201029492,4.29748711770473
Asus,2.174374028792474,32,512,16.642515243804482,3.536644123031155
Asus,1.5916785673338574,16,512,12.144355925545367,2.1713514901113298
Dell,2.987694826750637,32,1000,12.748974445542338,4.511789021415527
Acer,1.9660956553606364,4,1000,15.073386350467043,4.617965216528166
HP,2.030112099770567,16,256,12.878979210978663,4.536960566832027
HP,3.019762731983612,4,512,13.016042353940652,2.425982778056254
Asus,3.817586361990767,16,256,14.909094099973355,3.888885034815778
Dell,1.8005226384265212,32,256,15.635097716476425,4.959689342343231
Lenovo,2.288517239370032,8,256,11.783007584703103,2.897696012903181
Acer,3.5432444249062343,4,256,15.114203257601863,4.102176563852791
Lenovo,1.5960658724058123,4,256,15.142434331466433,4.498812176955983
Dell,3.1588434300417765,4,512,16.611782591271965,3.642244521139178
HP,1.76416171065436,4,512,14.22669760844826,4.474420843939492
Acer,3.7860298648124,8,512,11.300111460926674,4.400619043050737
Acer,3.565169075631321,32,256,11.16350007170489,2.417006615597233
Dell,2.2428042890579376,32,256,16.309785849083525,4.26900280874866
Asus,1.8116567030081672,16,256,11.096371189886035,4.254358833378031
Asus,3.50432020767448,8,256,11.363629446289458,3.30215652824287
HP,1.8716568193827825,8,1000,14.767960295624588,3.2231473119956755
Acer,2.6900453234219164,4,256,12.826955196493705,3.4621533250161285
HP,2.6244616220533064,32,256,16.65904893776771,2.6947970742916967
Lenovo,3.737041640151319,8,1000,13.721473999537004,2.9084896669362266
Asus,3.4007245578053373,4,256,14.356432554364142,2.847103757127969
Dell,2.105112539656319,4,1000,13.274765950253885,2.974768383219924
Asus,3.874902959875564,16,256,16.228810528259203,4.79192742905588
HP,1.9894449642088647,4,512,15.173747914124348,2.212747878463938
HP,3.514813500294053,4,256,12.225480553473004,4.379385613889169
Dell,2.243372518431377,32,512,13.659839057103053,4.083961318430526
Lenovo,2.3337479292278607,4,256,14.205743311362054,2.2627738922178398
Dell,2.8382753286314792,8,256,15.27707597516573,4.629841481047675
Lenovo,1.5778352072112785,8,512,15.000631458703385,3.3628351903694678
Lenovo,2.149533021862585,32,512,16.306130902734523,3.3313140172767355
Asus,3.564541876411907,16,1000,13.556425865756582,4.685195866553737
Asus,2.6855355416436595,8,1000,11.459814838851493,2.358685993256169
Acer,1.9409674662655585,32,256,15.852739907381231,4.182587690675285
HP,3.61089270684904,8,256,13.726418926879717,2.163535782313479
Dell,3.0423172959393554,4,256,14.97490368164965,3.831132485954983
Asus,1.6811172194863973,4,1000,13.488890716333684,2.152924631067328
Acer,2.7206028425544453,8,1000,16.985736933508313,3.4975968405239954
Lenovo,1.8192837090880871,4,512,11.694207909081811,4.213641245506227
Dell,2.797704462840545,8,512,14.757934109937173,4.379189085111968
Acer,1.8810400333260435,4,1000,15.488964958326113,2.8508237702514085
Asus,3.498539697422448,16,1000,16.00185880486375,2.968179718179915
Asus,1.5904009513119053,8,256,16.93659059467779,2.636856925005774
Lenovo,3.001485833401543,16,1000,11.3107153323969,4.857550369053795
Lenovo,3.266189316217253,4,256,15.486766098556236,3.705656766813836
Acer,2.31168981722515,8,512,13.757904917957434,4.617877656457689
Asus,2.002334221647641,4,256,11.553007750834594,4.212229832935838
Asus,3.6768747531812784,16,512,13.122180119484405,4.494622359012997
Asus,1.8751216617349609,4,512,12.14679253069338,2.6497375568817225
Acer,1.9157084218901983,32,1000,11.46287101123749,4.1805164931447125
Dell,2.598779221582276,4,256,14.189966142586895,3.8575041327291753
Dell,3.684725193906288,16,256,15.024053152293954,2.074052471673754
Lenovo,1.6985484224724663,8,1000,15.934967895741362,4.424203451348068
HP,2.79602005486301,4,1000,16.689509226740476,2.060069689196563
Lenovo,3.004029550365828,32,512,13.613868742739058,4.792472224970343
Lenovo,2.35454337924469,8,256,13.704118849633478,2.405240438677282
HP,3.810990488441326,16,256,14.320281127194486,3.09401202870301
Dell,2.3114645747506755,32,512,15.56254587009483,3.940511686779143
HP,1.71377132713617,16,512,15.174784865932669,4.342758069158272
Asus,3.2012482551867825,4,256,15.48703144647243,2.022002452508541
Asus,2.051924031971901,16,1000,15.720250044243857,2.582488607138247
Asus,3.5149813744378955,32,1000,13.038621453793064,4.559727407591353
Asus,3.923530805838219,8,512,16.920374609005094,3.081126477089512
HP,1.559096465115841,32,512,12.63824371596684,4.23208574104303
Acer,3.676883625843148,4,512,12.392334438206936,2.9181414986863143
HP,2.590316322838292,4,256,13.69450847006568,2.4301861100326776
Acer,2.988462543300109,32,1000,13.344092665915635,3.0125973976514566
Dell,3.7500466046202634,16,256,14.281255795256268,2.497703073112359
Acer,1.82521560032658,32,512,14.296055869416543,4.36322656490711
Lenovo,3.3340359514035054,16,256,13.602623396108106,3.0285168944163523
Lenovo,3.3305622160239032,4,512,11.169867646416009,2.6771831715173824
Dell,1.5759676492420922,4,256,15.37678261898998,3.4569405960028314
Dell,3.8175024198107375,16,256,12.4774649658236,2.0622740963718926
Acer,3.5996532571668007,16,512,16.95017644023471,3.129244887562082
Lenovo,2.560326678255965,4,512,15.026331703159489,2.743620076185271
Lenovo,2.3874907645798435,16,1000,11.82253674847254,3.195927482639192
Lenovo,1.8521425509494995,32,1000,16.276046121059167,4.277260797666916
Acer,3.802119619539217,16,512,12.908626681420833,4.017169438396113
HP,3.595288224120276,16,512,14.352595667746384,2.076709397269204
Lenovo,1.553173527125968,8,256,13.46656165328264,3.422492888815959
Acer,2.375313147916825,8,1000,16.708652172354086,4.957415962550617
Lenovo,2.918280549072259,8,1000,14.597765410759528,3.40394138743413
HP,3.7725813016641023,32,512,11.05223688237526,2.4938615397095143
Asus,3.8346875438197614,16,512,14.948495508495142,3.121841403437202
Asus,3.5075647445816585,8,256,13.586674430582027,2.7669172813860845
Acer,2.71765479704734,32,1000,12.343895275190487,3.524425155995583
Acer,2.699689050759772,32,1000,12.780720092119104,3.9588489744135273
Dell,3.610426122422993,32,1000,14.985210278430714,2.0738539515237155
Lenovo,2.7817212775412714,32,1000,16.88261342162223,3.497908838042976
Dell,2.565453255589932,32,1000,11.378841757564349,3.155307808469089
Dell,1.8422140751720184,16,256,12.375031707284972,3.776050528367189
Dell,3.969463800537218,8,512,12.496749225759396,2.8235200205212347
Asus,2.269824853977977,32,1000,15.449615716710714,2.020444093700384
Asus,3.655036205681556,32,1000,16.56861101305872,3.5110658279847167
Lenovo,2.364837481367408,8,1000,15.655469196843836,2.3140279116066003
HP,3.10243019336333,4,1000,14.92496092571659,4.558779151563744
Asus,2.31615327060998,16,256,13.76700140752346,2.0500274404695173
Lenovo,3.574354509268004,32,512,14.076358365570655,4.4165777407281706
Asus,3.128550970879661,16,1000,15.903513868200928,3.9002352207263815
Lenovo,3.1186867853865072,32,512,12.199047627691638,4.587489522204756
Dell,3.991742134632442,16,1000,11.548244629162456,3.7273575883232346
Acer,1.8047152333423688,16,512,11.248995003098477,3.2475840182238427
Lenovo,3.827371738767445,8,1000,14.439339166697549,3.637770599927
HP,2.167570675423553,4,512,14.650453615280108,4.374229251520927
HP,2.954928504785997,4,512,15.236951012714323,4.903408212945455
Dell,3.889128745574384,32,256,13.906066557749051,2.644749594160157
Acer,1.7664956328344297,4,1000,16.191160084386865,3.496913350741298
Lenovo,1.8502829394161315,8,1000,11.040092775343329,2.9714587247072943
HP,3.271861744357441,4,256,12.309559236162375,3.4485538232303146
HP,3.1595113190545128,32,256,14.28342512252386,2.0027882506098837
Asus,2.941291188785634,8,256,11.505807887668102,4.018541400465635
Lenovo,3.9396843872751344,8,1000,12.265317366084728,2.6037913644034174
Dell,2.9755766671727177,4,512,11.866325792802003,2.2762962625987693
Dell,2.6865771893745345,8,1000,16.950637285875494,4.709670882034121
Lenovo,2.569432834339656,16,512,14.431473223103604,4.499613069790023
Asus,2.0791792534586087,8,1000,15.17976362730434,3.400184281303851
Lenovo,3.933722422943492,32,512,13.704657703318183,2.0630633201786512
Acer,3.409014485399402,4,512,16.634342575803124,4.829185692220914
HP,2.9921071222922238,32,1000,12.23730443050484,4.440303446972792
Dell,3.875593384552006,16,512,14.593072400476634,3.659335913175114
Asus,3.129167063439713,4,1000,11.565964557746264,3.354696759816725
Asus,2.296881257330175,4,256,16.306259282137827,2.8467874112387985
Acer,2.6284675608241885,8,1000,15.660742900443363,4.564417336397785
HP,3.534925673765047,8,256,12.888954976109892,4.560963646823335
Asus,2.092176397436205,8,1000,16.633978532515865,4.586228427729791
Acer,2.279540332713149,4,1000,13.664691478977993,4.0142182179312105
Asus,2.3689288105974557,8,256,15.198231236596856,4.981351926134517
Acer,3.556201409085902,8,256,14.71543419232149,2.347469246710383
Acer,1.5561732708002936,16,256,13.313681077193888,2.366022240730667
Acer,3.1671606438652606,32,1000,13.4166549993974,2.9397994297418317
Dell,3.374129579357312,8,1000,13.586521175739737,4.474561302461311
Acer,2.079867740289939,16,256,16.649197461706645,4.75352264928066
Acer,3.168874748228676,16,256,15.260795843387225,4.466684337731032
HP,3.025834458277296,32,256,13.511493713188935,2.5023792335539654
Dell,3.125502730995384,16,256,14.337968043542476,3.2779925584052845
Dell,3.8131207935391647,4,256,15.323393291866438,2.960081949687176
Acer,3.261701906841617,8,256,12.676495305056433,3.570221555202416
Acer,1.6533740677766704,8,512,16.443493666138437,3.9732961498178
Dell,1.6085313321370478,16,1000,15.068682985725252,2.4120852379060227
Lenovo,2.0666410055674698,16,512,16.699398009476454,4.659507579925707
Asus,3.9871657929244178,32,1000,15.260688598023677,3.578247555252209
HP,2.290390262441876,8,1000,11.702070349147675,4.658864649367153
Dell,2.45155823369145,32,512,15.571301671174664,3.990087602044044
Lenovo,3.02745247212748,16,1000,16.097205292927406,2.778809851125436
HP,3.0815547328348702,4,1000,13.48982729240047,2.7934154500015724
Acer,2.4397207128644234,32,1000,12.188573100321737,4.074248172539456
Dell,3.677422809365214,8,256,13.717466421605664,4.19052035993203
Dell,2.5444169554183347,4,512,16.289974893996277,4.680905760038401
Asus,3.173717387995475,8,1000,14.138858124182992,4.854190585937318
Acer,2.683024766728893,8,1000,15.241027134683248,4.389453167988743
Lenovo,2.918852120653895,8,1000,16.550283052058088,2.543676683149129
Acer,2.1485585835782315,16,256,15.03233623251352,2.455326229553306
Acer,3.2386680167246555,8,1000,16.61103252035896,2.9214369443126347
Asus,2.297751183108139,4,512,12.296360697468598,4.412287008900778
Asus,3.6285623943627394,4,256,16.47735466841945,2.5828207130054044
Dell,3.341005037664101,16,512,13.08237421099637,2.412889203195084
Dell,2.517269901807176,4,256,13.25918172673579,2.730713377593896
Lenovo,2.217595332937282,32,256,13.319721035803006,3.054626780149094
Asus,2.59400781013848,4,256,13.653513659117356,2.936575651359164
Dell,3.981208755395938,32,1000,14.367534068449544,2.978846454706839
Asus,3.572288685376693,8,256,15.855946389711574,3.2778131254008183
Dell,2.4772649897637864,32,256,15.705237046191602,2.3240868724747377
Acer,3.69628890325337,4,256,12.763694606101383,3.3362285633173605
HP,2.8424360572335337,4,1000,16.245024092942156,2.333626242014656
Dell,3.6703556359437632,32,256,16.419144673006574,2.4294840734335788
HP,3.2082384415162637,16,1000,13.778688283025067,2.4288826328022566
Dell,2.4188360557288284,16,512,12.388880575477929,3.3508474514945776
Dell,2.497056952242251,8,256,15.7760444145637,3.4063696415203726
Dell,3.0465284455379606,4,1000,13.239446938275403,3.810002588636104
HP,3.994835276333344,32,256,15.443756893366224,3.5696391649126245
Lenovo,3.272615654306082,32,512,12.773927249674912,4.607524572209262
HP,1.8708580024052224,8,256,15.191183751254822,2.9856744496573957
Asus,3.097799844538751,32,512,15.907137833930175,3.896057625267309
Dell,2.0456347196626603,32,256,15.52319044302155,3.884358593730716
Asus,3.079533817541671,8,256,13.344530913977822,2.3493767914451373
Acer,3.9074800096474864,4,512,15.549603752336354,3.323451656691897
Dell,3.2435506681171,16,256,16.54736633226083,3.776904113186287
Acer,1.8427742643224976,16,512,15.970928803371446,2.2428612083470645
HP,3.7001977189036457,4,1000,12.307452249512082,2.365638505344151
HP,3.000051370298259,16,256,11.415969982326589,3.7630910548626377
Dell,2.914329909989478,16,512,15.375408457481855,2.9450311171301946
Dell,3.8405306156092247,8,512,13.482964791924775,3.898407831984521
Acer,1.5749339746816948,4,256,16.593936549373264,3.1948416472671632
Asus,3.093003692020701,8,1000,11.314347773569168,3.80415221206569
Dell,3.23040335423533,16,512,13.277700586710022,2.5980364684135493
HP,2.5812446958253297,32,256,16.77356867965494,3.6855913694285554
Asus,3.841514230737404,32,512,13.82520413733906,3.861113756371163
Asus,2.2578208898633214,4,1000,14.446620535233237,2.3466751300418958
Acer,3.735477186660296,4,256,13.914904573475788,3.687288122353763
HP,1.734751789473546,16,512,16.125564733984014,4.385174052818393
Asus,2.802394943180105,8,512,11.190670906143946,4.5939570638082365
Lenovo,2.596538547973976,8,512,16.351358619539376,3.0849412845231337
Acer,2.103003643998853,32,1000,12.40338158883322,3.798118978615959
Asus,2.730694641120087,8,256,15.959710073014932,3.768960485454643
HP,3.978139984255471,16,1000,11.642343071325117,4.632356379809506
Dell,3.179731858996821,8,512,14.332972544635162,3.3030844944236533
Dell,1.663390851997356,16,1000,15.973227657517752,2.697623994862565
HP,3.008621483453445,16,512,14.879602663691973,4.029933904459543
Lenovo,2.4578463206237435,4,1000,11.177024330871236,2.452062461002501
Acer,2.117758085025366,4,1000,14.855465661941803,2.945031521550274
Acer,2.6310987903317336,16,256,12.36036429397978,4.611901644450471
Dell,1.9988561273228629,32,512,13.252646658007476,4.7358787525989
Dell,3.2976147629606136,16,512,12.99820923083239,2.7609066665421147
Acer,2.7429369100210685,16,1000,12.516790664094636,2.802245835416323
HP,3.806892976283486,8,1000,16.069173964937796,4.48745192085242
Asus,2.4003410186787977,4,256,15.132575244868192,3.507396949288297
Lenovo,3.0589642200068994,32,256,15.69230461558255,2.355981843423616
Lenovo,3.5688447389171856,32,512,14.00286389520031,4.436978540741185
HP,2.847903191688136,4,256,11.525291984166683,3.58269094699826
Lenovo,3.6392411702657146,8,512,14.29763761118454,2.2986395384263254
Asus,2.980875821483405,32,512,11.331335124458173,3.764280912816341
Lenovo,2.3496874094201656,32,256,16.42135066059518,3.4761634681472016
HP,1.9535958692390676,32,1000,14.920300990872084,3.422018797845335
Acer,3.928487735104099,32,1000,14.783485649498552,3.154197729522335
Acer,2.4904317290231384,8,256,15.224499627928036,3.915051732261295
Dell,2.001311816750842,4,1000,11.094457477974062,2.066655446076741
Acer,1.6002729785312062,32,256,13.612361877054417,2.18270579929848
HP,1.831311681854621,4,256,12.992658699848748,4.117868709740021
Acer,3.6823645896910207,4,512,13.817153252263177,4.966506594167493
Acer,2.2524089173670405,32,256,16.169082243361363,3.336159577933617
Asus,3.231090378310924,16,1000,12.793142811554183,4.44521630202742
Lenovo,3.0522887944186925,32,1000,14.508008540994949,3.245374818604163
HP,3.4513137881096547,4,256,13.7168822852655,2.316215857868501
Dell,1.7228110802900416,8,256,12.4404244429254,2.515629536407773
Asus,1.5985670284212647,8,512,16.6551878451207,4.673954619080896
Acer,3.2680965857834963,32,1000,14.990877165430431,4.193472033364752
Acer,3.556535796284196,8,512,11.989308659390831,3.5389380494627223
Acer,2.004633630307371,8,1000,11.78992153275955,4.764540175722254
Acer,1.655729495325157,16,1000,12.899520559451908,3.237099461824043
Acer,2.9633859109918803,8,512,11.269768649549306,3.248788342063722
Asus,2.5338727538133785,16,1000,12.762655437046345,2.3656642475968117
Acer,3.670681263520952,16,256,15.147270856319242,4.7240452681249225
Dell,3.8360900670137856,8,512,14.338737234952738,2.3968638429531146
HP,2.5889582870323324,16,1000,14.539687296810852,4.349646363970036
HP,3.1702128414266157,8,1000,14.572157967551624,2.760752350989108
HP,1.9796683117968568,32,512,11.70154121315235,2.838335921956708
HP,1.7535520711230412,16,512,16.01039567273012,3.747885938121097
Lenovo,2.093858312309694,16,256,12.243637874406003,4.372073305700504
Dell,1.5553088788224931,8,512,15.489396987991377,3.628994397815808
Acer,3.0910756238590915,8,1000,14.328126258680518,3.855830867281817
Acer,3.902675793673638,16,256,16.891434188459236,3.039676279449643
Asus,3.343753120274371,32,1000,16.769080033898508,2.839237903307213
Dell,1.7392863888004042,32,1000,14.885098789060178,2.219010778698882
Lenovo,2.0866052046386336,32,1000,16.238653056585367,4.747422750052017
HP,3.793283938655607,16,256,14.000480709629496,4.470819262394569
Lenovo,1.8483901851820603,8,1000,15.35435546218462,3.7824255882693727
HP,2.4954217339773583,4,1000,14.244407402798624,2.2697487345791068
Asus,1.7022982076281306,4,512,11.459409550601231,4.852455979749294
HP,3.655106627473284,32,1000,16.23581481528101,3.717928559346754
HP,2.794279108461778,8,256,16.639590751818936,2.5843204930616777
Asus,3.059648311691433,16,512,13.04855161762579,4.198577561995493
HP,3.0850142577490285,32,512,12.54938611799696,2.5678509377480285
Lenovo,3.8618300557285257,8,256,12.965312991080795,4.3700445246796455
Acer,3.2342055644537213,8,1000,16.899833940910803,2.81185998408079
Dell,2.9175406524666694,4,512,14.326024846042069,2.5313814325947623
Acer,1.6695926477629297,8,512,14.598627889822987,3.398348877975467
Acer,3.924552612696362,32,256,11.9358851821936,2.797993079277974
Dell,3.501466747772707,8,256,11.326344491133868,4.670414160340743
HP,1.9291982146207587,8,1000,14.989967097426645,3.8681968468785
Acer,2.912102833156541,8,1000,11.503517214928577,3.94431510360237
Acer,2.6998470867928086,4,1000,13.343561645490691,2.6233502628850744
Acer,2.609375548261428,4,1000,13.439340702848623,4.295581501263176
Acer,2.563033761173084,16,256,14.764919430705676,2.637001922860674
Acer,3.730211722350586,32,256,13.981373111000291,2.5710109252851425
Asus,2.816006652340283,8,256,16.721210587109052,3.0495631525425635
Lenovo,3.817944548698632,16,256,12.33837236925654,4.532944592457147
HP,1.7743404966937588,4,512,11.794427680978728,3.5060245932175462
HP,3.4388190417375264,4,256,15.065245673021204,4.37156153081502
Dell,2.0842802047760824,32,256,13.130789886522876,2.9776440278473717
Asus,3.962102997405837,8,256,13.323423627068577,3.6061038235449536
Asus,1.938428196558624,4,512,15.910217398888024,2.3824570404207384
Asus,3.78711475267025,16,256,12.89929799160722,3.658287104100749
Asus,1.5830077719784164,4,256,15.996991411214454,4.194686358683402
Acer,2.849963449289638,8,1000,14.632470545045525,3.377994322401628
Dell,1.687844454339522,32,1000,16.49154310950694,2.954786124157178
Acer,3.750057808495028,16,256,14.246017393565976,3.71228444287722
Asus,3.860148349216533,4,256,15.719134294345082,2.1974352820717296
Acer,2.5107969202607303,8,256,13.140612269739636,3.356607437310616
Asus,2.7554875258281064,8,256,11.118773950083526,3.754515895066646
Acer,3.475076090767653,8,1000,11.100537826954294,2.661526361409944
Asus,2.050458004874528,8,1000,14.273511096014886,4.636307749378744
Dell,3.9073171880939497,32,256,13.102479500061184,4.452870134913459
HP,1.5189071874453552,16,512,14.664624384110232,3.049388185422776
Dell,1.650668475723902,16,1000,12.264688696128127,4.590453825107346
Acer,3.124116622480921,4,512,16.598763406449848,2.498157564444609
Lenovo,2.658735109501431,4,1000,13.80998111560288,3.733483914534307
Asus,1.561001953891345,8,1000,12.77565733315194,4.497251550230758
Asus,2.3790567180990863,8,1000,16.138960416575443,4.93276988103513
HP,2.7289863668535923,4,512,11.10289869149119,4.96561996113712
HP,2.7038058787813752,8,256,16.095074033010224,2.9934394674924496
Dell,2.780554802031686,8,256,12.67935591347856,3.7502645570553055
Asus,3.127193422617985,32,256,11.091061293720962,2.054825209170519
Lenovo,2.4924537926857084,16,256,15.763576315159789,3.5111251612522123
Asus,3.343955753972229,8,1000,14.807835538924284,4.723206299532539
Lenovo,1.8420465772974035,16,256,15.710586284574246,4.696363669212043
Dell,1.6174149169376375,4,1000,11.094879177397772,4.974360703528376
Acer,2.946688521430984,16,1000,15.015851654971277,4.143242304411493
Dell,2.14194141930127,16,256,13.195314857341282,4.734544177597552
Acer,3.9221946382142288,4,256,16.75098701400644,4.458828659197399
HP,2.4494644504480743,4,512,15.641316451189322,2.9236223758231024
Asus,3.449627472233374,32,512,11.830612959976364,3.311154565526563
Asus,3.1545979746234467,8,256,13.46514255104298,3.612753877077697
Dell,1.7388382845866706,4,512,12.637699968388928,4.258545967646619
Acer,1.5663305096845492,4,1000,11.552571519397414,3.807409492110365
Asus,2.0266554725141663,32,1000,11.448927231169838,3.880905303586149
HP,3.843071218091128,4,1000,14.531029610953931,2.65452298877982
Acer,2.912832958973022,4,1000,11.311371797110466,3.2600122222442147
Dell,2.5652084597259286,4,512,16.361567518700788,3.636471021484507
Asus,2.136676555115128,4,1000,15.783266435472576,4.175333479799948
Dell,2.5543023171836383,4,256,12.008708770395774,3.483563375361224
Acer,3.289930572118494,16,1000,13.700699158848868,4.285027628640988
Lenovo,2.8547523684458955,32,1000,13.445797147877936,3.9988035844371153
Lenovo,2.061512057349955,8,256,16.71480270012708,3.988388822629165
Dell,1.9200355193621583,4,256,12.136360507309076,2.6955238751441795
Acer,3.272651298627291,8,256,14.478356942583348,2.033235657782929
Acer,3.859039800418997,32,256,16.330784659537525,2.7743117874814054
Asus,3.491343227440441,8,1000,16.350265191216476,2.166247665326733
Asus,2.337797135647855,4,256,14.126439143050328,4.357775828626741
Dell,2.095456952616816,8,1000,14.632896015286429,2.070597483242296
Asus,1.6903271487257503,4,512,13.702871428823572,4.609813498693067
Dell,1.865934980405623,4,1000,14.88941538429258,3.8997896048282312
Asus,3.780908364041728,8,256,16.65430072401366,2.948233051529792
HP,2.369523019755482,16,512,13.678321341579167,3.5074726304807964
HP,3.342184362360455,8,1000,11.03015931565882,4.116688134949073
Dell,3.311916928821904,8,1000,11.465844655932688,4.389525559171125
HP,1.783095114601888,16,256,14.040035893896476,2.1856571050414257
HP,2.061101429591652,16,1000,15.515829764431016,2.7874117553637934
Lenovo,2.5772188091545147,32,256,13.650478949826242,2.0568362101230635
HP,3.830070263775044,32,512,15.276666057300986,3.5106409445356586
Asus,2.2180974791352046,32,1000,12.86601496839608,3.011908509402459
Asus,2.1133727742033024,16,256,12.292066288295317,2.923659146048748
Acer,2.4982897895232705,16,512,15.736953790544314,4.153798072820305
Asus,1.6666301014017249,32,1000,15.980905897987508,3.3378666352763053
Lenovo,3.181505295562816,32,1000,13.944590040274162,2.9711924768312707
Acer,2.3325047826454948,8,512,16.238116364178296,4.975667587842475
Dell,3.045389335795297,32,256,13.815711363954742,3.469611430153233
Lenovo,3.2203367652163557,4,1000,14.392519805646456,3.2925748261468124
Lenovo,1.578965362064105,4,256,15.861551520197189,2.177531215590625
Lenovo,2.839569211182704,32,1000,14.51047065323722,3.611123944225923
Lenovo,2.288225844576526,8,1000,13.093340450250942,2.678099590365956
Lenovo,3.057416458908707,8,512,13.630740291503468,4.425184646912069
Asus,3.6949358011126736,8,256,15.689033886453092,2.3546672362173795
Acer,2.192069493087629,4,256,13.84970579158249,2.3650859201800167
Acer,2.861222744902124,4,256,15.214930049530814,3.793519960537055
Lenovo,2.738728290515496,16,1000,11.210047488840834,3.934708715877068
Dell,3.017735090221952,16,256,12.765600419822686,2.7034984330222813
HP,3.170531996387541,32,256,12.360447106441669,3.90814202701738
Acer,3.6503059929730113,4,512,15.05675238552974,4.344897674159741
Acer,3.4057128369415395,8,1000,16.5471348123914,4.613754882195957
Lenovo,3.285217330331069,4,1000,16.692466370898266,3.7153679478079416
Asus,2.012849101205018,8,512,16.267906981909007,3.0119328624536825
Lenovo,3.2374547153163564,4,256,15.39802171777012,2.9959594142981083
Dell,3.7517546600281455,16,1000,13.497308353072096,2.8266097014225533
Lenovo,2.157781424777107,32,1000,11.827311616136065,4.509262768956919
Lenovo,2.141406959253409,16,256,14.037981856125608,3.2321277361749985
Asus,3.6752471847523247,8,1000,13.755135402395371,4.926419084942065
Acer,2.4975067596753258,16,1000,16.059668545618415,3.231487382181664
Dell,1.8847397658496376,32,1000,15.387899118219778,2.5929176617733907
Lenovo,2.5757647372486567,8,1000,12.87317820930562,3.73885729168441
Lenovo,2.797294263207094,4,1000,13.135826194930369,4.554782957912657
Acer,1.6052329740909048,8,1000,12.605604793170246,4.197165339792665
Dell,2.0380046800430938,32,256,15.180170668620493,4.186609413465023
Acer,2.5870683465093656,32,512,13.468036798994865,2.896348613162755
Dell,2.3546804150967158,32,512,12.84142707916742,2.598234793275605
HP,2.308428905288802,8,256,15.09291896936981,4.347500433140881
Asus,3.992811250394278,8,1000,15.942604374794737,3.794027351986249
Acer,2.376567328022952,4,1000,16.69520415908535,2.817951941937454
Asus,2.9810194616487937,8,1000,16.655275638061433,2.957370469461388
Dell,2.559345634121907,16,1000,12.439936183219745,2.844178946516489
Acer,3.987269556616088,8,1000,13.448714340955538,3.1908439188028783
HP,3.1912834644431163,8,512,16.93112988797268,4.613945741740561
Lenovo,2.171693398462365,32,512,16.617602836479314,4.10414985667907
Lenovo,3.147213675581643,32,1000,12.51587618372772,2.8210953730351127
Asus,3.826488036609791,16,1000,12.096034305438009,4.489463794151855
Dell,2.0124607385395525,32,512,12.032663616936668,3.4128501763175434
HP,1.515964679292084,8,256,15.27941520850002,3.700678388748608
Dell,1.760271454961435,4,512,14.493099380555538,3.856316231123015
HP,3.2139132180724284,32,512,11.481333478734284,3.958918765723818
Lenovo,1.7174668997785254,8,1000,12.685291791117464,2.7627836943345936
Lenovo,2.0530236045490056,8,512,11.671283699294744,3.214175191488976
HP,2.2759048973089344,16,1000,14.069814307370462,2.3442607982415065
Asus,3.871133267405392,8,256,12.27851005210885,3.392200068213514
Dell,2.0146030250919207,32,512,14.375331207638284,4.735177630738328
HP,2.9781885893623232,16,1000,14.695471494060328,2.279588358688084
Lenovo,3.0487258650240365,32,256,15.0201952268454,3.2053794053282734
Acer,1.9548203262381776,4,1000,11.697145739152676,2.2460710556344123
Lenovo,1.9535885877244932,32,256,14.320274096760244,3.5349157475570423
Lenovo,2.096942864420756,16,1000,14.49286284546679,4.989696968866947
Dell,2.8845056017809405,4,1000,11.458639166236686,4.942381416243754
Asus,2.074886514727716,4,256,15.4173732951713,2.9911744209968494
Asus,1.53250480877684,32,256,13.58224849814476,3.956279185644952
